<?xml version="1.0" encoding="UTF-8"?>
<!DOCTYPE mapper PUBLIC "-//mybatis.org//DTD Mapper 3.0//EN" "http://mybatis.org/dtd/mybatis-3-mapper.dtd">
<mapper namespace="com.linkai.codeeditor.mapper.ProjectMemberMapper">
  <resultMap id="BaseResultMap" type="com.linkai.codeeditor.domain.ProjectMember">
    <!--@mbg.generated-->
    <!--@Table project_member-->
    <id column="id" jdbcType="INTEGER" property="id" />
    <result column="project_id" jdbcType="INTEGER" property="projectId" />
    <result column="member_id" jdbcType="INTEGER" property="memberId" />
    <result column="create_by" jdbcType="VARCHAR" property="createBy" />
    <result column="create_time" jdbcType="TIMESTAMP" property="createTime" />
    <result column="update_by" jdbcType="VARCHAR" property="updateBy" />
    <result column="update_time" jdbcType="TIMESTAMP" property="updateTime" />
  </resultMap>
  <sql id="Base_Column_List">
    <!--@mbg.generated-->
    id, project_id, member_id, create_by, create_time, update_by, update_time
  </sql>
  <select id="selectByPrimaryKey" parameterType="java.lang.Integer" resultMap="BaseResultMap">
    <!--@mbg.generated-->
    select 
    <include refid="Base_Column_List" />
    from project_member
    where id = #{id,jdbcType=INTEGER}
  </select>
  <delete id="deleteByPrimaryKey" parameterType="java.lang.Integer">
    <!--@mbg.generated-->
    delete from project_member
    where id = #{id,jdbcType=INTEGER}
  </delete>
  <insert id="insert" keyColumn="id" keyProperty="id" parameterType="com.linkai.codeeditor.domain.ProjectMember" useGeneratedKeys="true">
    <!--@mbg.generated-->
    insert into project_member (project_id, member_id, create_by, 
      create_time, update_by, update_time
      )
    values (#{projectId,jdbcType=INTEGER}, #{memberId,jdbcType=INTEGER}, #{createBy,jdbcType=VARCHAR}, 
      #{createTime,jdbcType=TIMESTAMP}, #{updateBy,jdbcType=VARCHAR}, #{updateTime,jdbcType=TIMESTAMP}
      )
  </insert>
  <insert id="insertSelective" keyColumn="id" keyProperty="id" parameterType="com.linkai.codeeditor.domain.ProjectMember" useGeneratedKeys="true">
    <!--@mbg.generated-->
    insert into project_member
    <trim prefix="(" suffix=")" suffixOverrides=",">
      <if test="projectId != null">
        project_id,
      </if>
      <if test="memberId != null">
        member_id,
      </if>
      <if test="createBy != null">
        create_by,
      </if>
      <if test="createTime != null">
        create_time,
      </if>
      <if test="updateBy != null">
        update_by,
      </if>
      <if test="updateTime != null">
        update_time,
      </if>
    </trim>
    <trim prefix="values (" suffix=")" suffixOverrides=",">
      <if test="projectId != null">
        #{projectId,jdbcType=INTEGER},
      </if>
      <if test="memberId != null">
        #{memberId,jdbcType=INTEGER},
      </if>
      <if test="createBy != null">
        #{createBy,jdbcType=VARCHAR},
      </if>
      <if test="createTime != null">
        #{createTime,jdbcType=TIMESTAMP},
      </if>
      <if test="updateBy != null">
        #{updateBy,jdbcType=VARCHAR},
      </if>
      <if test="updateTime != null">
        #{updateTime,jdbcType=TIMESTAMP},
      </if>
    </trim>
  </insert>
  <update id="updateByPrimaryKeySelective" parameterType="com.linkai.codeeditor.domain.ProjectMember">
    <!--@mbg.generated-->
    update project_member
    <set>
      <if test="projectId != null">
        project_id = #{projectId,jdbcType=INTEGER},
      </if>
      <if test="memberId != null">
        member_id = #{memberId,jdbcType=INTEGER},
      </if>
      <if test="createBy != null">
        create_by = #{createBy,jdbcType=VARCHAR},
      </if>
      <if test="createTime != null">
        create_time = #{createTime,jdbcType=TIMESTAMP},
      </if>
      <if test="updateBy != null">
        update_by = #{updateBy,jdbcType=VARCHAR},
      </if>
      <if test="updateTime != null">
        update_time = #{updateTime,jdbcType=TIMESTAMP},
      </if>
    </set>
    where id = #{id,jdbcType=INTEGER}
  </update>
  <update id="updateByPrimaryKey" parameterType="com.linkai.codeeditor.domain.ProjectMember">
    <!--@mbg.generated-->
    update project_member
    set project_id = #{projectId,jdbcType=INTEGER},
      member_id = #{memberId,jdbcType=INTEGER},
      create_by = #{createBy,jdbcType=VARCHAR},
      create_time = #{createTime,jdbcType=TIMESTAMP},
      update_by = #{updateBy,jdbcType=VARCHAR},
      update_time = #{updateTime,jdbcType=TIMESTAMP}
    where id = #{id,jdbcType=INTEGER}
  </update>
</mapper>