<?xml version="1.0" encoding="UTF-8"?>
<!DOCTYPE mapper PUBLIC "-//mybatis.org//DTD Mapper 3.0//EN" "http://mybatis.org/dtd/mybatis-3-mapper.dtd">
<mapper namespace="com.linkai.codeeditor.mapper.ProjectMapper">
  <resultMap id="BaseResultMap" type="com.linkai.codeeditor.domain.Project">
    <!--@mbg.generated-->
    <!--@Table project-->
    <id column="id" jdbcType="INTEGER" property="id" />
    <result column="name" jdbcType="VARCHAR" property="name" />
    <result column="description" jdbcType="VARCHAR" property="description" />
    <result column="create_by" jdbcType="VARCHAR" property="createBy" />
    <result column="create_time" jdbcType="TIMESTAMP" property="createTime" />
    <result column="update_by" jdbcType="VARCHAR" property="updateBy" />
    <result column="update_time" jdbcType="TIMESTAMP" property="updateTime" />
  </resultMap>
  <sql id="Base_Column_List">
    <!--@mbg.generated-->
    id, `name`, description, create_by, create_time, update_by, update_time
  </sql>
  <select id="selectByPrimaryKey" parameterType="java.lang.Integer" resultMap="BaseResultMap">
    <!--@mbg.generated-->
    select
    <include refid="Base_Column_List" />
    from project
    where id = #{id,jdbcType=INTEGER}
  </select>
  <delete id="deleteByPrimaryKey" parameterType="java.lang.Integer">
    <!--@mbg.generated-->
    delete from project
    where id = #{id,jdbcType=INTEGER}
  </delete>
  <insert id="insert" keyColumn="id" keyProperty="id" parameterType="com.linkai.codeeditor.domain.Project" useGeneratedKeys="true">
    <!--@mbg.generated-->
    insert into project (`name`, description, create_by,
      create_time, update_by, update_time
      )
    values (#{name,jdbcType=VARCHAR}, #{description,jdbcType=VARCHAR}, #{createBy,jdbcType=VARCHAR},
      #{createTime,jdbcType=TIMESTAMP}, #{updateBy,jdbcType=VARCHAR}, #{updateTime,jdbcType=TIMESTAMP}
      )
  </insert>
  <insert id="insertSelective" keyColumn="id" keyProperty="id" parameterType="com.linkai.codeeditor.domain.Project" useGeneratedKeys="true">
    <!--@mbg.generated-->
    insert into project
    <trim prefix="(" suffix=")" suffixOverrides=",">
      <if test="name != null">
        `name`,
      </if>
      <if test="description != null">
        description,
      </if>
      <if test="createBy != null">
        create_by,
      </if>
      <if test="createTime != null">
        create_time,
      </if>
      <if test="updateBy != null">
        update_by,
      </if>
      <if test="updateTime != null">
        update_time,
      </if>
    </trim>
    <trim prefix="values (" suffix=")" suffixOverrides=",">
      <if test="name != null">
        #{name,jdbcType=VARCHAR},
      </if>
      <if test="description != null">
        #{description,jdbcType=VARCHAR},
      </if>
      <if test="createBy != null">
        #{createBy,jdbcType=VARCHAR},
      </if>
      <if test="createTime != null">
        #{createTime,jdbcType=TIMESTAMP},
      </if>
      <if test="updateBy != null">
        #{updateBy,jdbcType=VARCHAR},
      </if>
      <if test="updateTime != null">
        #{updateTime,jdbcType=TIMESTAMP},
      </if>
    </trim>
  </insert>
  <update id="updateByPrimaryKeySelective" parameterType="com.linkai.codeeditor.domain.Project">
    <!--@mbg.generated-->
    update project
    <set>
      <if test="name != null">
        `name` = #{name,jdbcType=VARCHAR},
      </if>
      <if test="description != null">
        description = #{description,jdbcType=VARCHAR},
      </if>
      <if test="createBy != null">
        create_by = #{createBy,jdbcType=VARCHAR},
      </if>
      <if test="createTime != null">
        create_time = #{createTime,jdbcType=TIMESTAMP},
      </if>
      <if test="updateBy != null">
        update_by = #{updateBy,jdbcType=VARCHAR},
      </if>
      <if test="updateTime != null">
        update_time = #{updateTime,jdbcType=TIMESTAMP},
      </if>
    </set>
    where id = #{id,jdbcType=INTEGER}
  </update>
  <update id="updateByPrimaryKey" parameterType="com.linkai.codeeditor.domain.Project">
    <!--@mbg.generated-->
    update project
    set `name` = #{name,jdbcType=VARCHAR},
      description = #{description,jdbcType=VARCHAR},
      create_by = #{createBy,jdbcType=VARCHAR},
      create_time = #{createTime,jdbcType=TIMESTAMP},
      update_by = #{updateBy,jdbcType=VARCHAR},
      update_time = #{updateTime,jdbcType=TIMESTAMP}
    where id = #{id,jdbcType=INTEGER}
  </update>

  <select id="listByProject" resultMap="BaseResultMap">
      SELECT p.*
      FROM `project` p
               left join
           project_member pm
           on pm.project_id = p.id
      where
          p.create_by = #{memberId}
         OR pm.member_id = #{memberId}
  </select>

  <select id="listProjectMember" resultMap="com.linkai.codeeditor.mapper.ProjectMemberMapper.BaseResultMap">
      SELECT pm.*, m.username memberName, m.email memberEmail
      from project_member pm
               left join member m on pm.member_id = m.id
      where project_id = #{projectId}
  </select>
</mapper>
