<?xml version="1.0" encoding="UTF-8"?>
<!DOCTYPE mapper PUBLIC "-//mybatis.org//DTD Mapper 3.0//EN" "http://mybatis.org/dtd/mybatis-3-mapper.dtd">
<mapper namespace="com.linkai.codeeditor.mapper.ProjectFileMapper">
  <resultMap id="BaseResultMap" type="com.linkai.codeeditor.domain.ProjectFile">
    <!--@mbg.generated-->
    <!--@Table project_file-->
    <id column="id" jdbcType="INTEGER" property="id" />
    <result column="project_id" jdbcType="INTEGER" property="projectId" />
    <result column="file_name" jdbcType="VARCHAR" property="fileName" />
    <result column="cursor" jdbcType="VARCHAR" property="cursor" />
    <result column="content" jdbcType="LONGVARCHAR" property="content" />
    <result column="create_time" jdbcType="TIMESTAMP" property="createTime" />
    <result column="create_by" jdbcType="VARCHAR" property="createBy" />
    <result column="update_time" jdbcType="TIMESTAMP" property="updateTime" />
    <result column="update_by" jdbcType="VARCHAR" property="updateBy" />
  </resultMap>
  <sql id="Base_Column_List">
    <!--@mbg.generated-->
    id, project_id, file_name, `cursor`, content, create_time, create_by, update_time,
    update_by
  </sql>
  <select id="selectByPrimaryKey" parameterType="java.lang.Integer" resultMap="BaseResultMap">
    <!--@mbg.generated-->
    select
    <include refid="Base_Column_List" />
    from project_file
    where id = #{id,jdbcType=INTEGER}
  </select>
  <delete id="deleteByPrimaryKey" parameterType="java.lang.Integer">
    <!--@mbg.generated-->
    delete from project_file
    where id = #{id,jdbcType=INTEGER}
  </delete>
  <insert id="insert" keyColumn="id" keyProperty="id" parameterType="com.linkai.codeeditor.domain.ProjectFile" useGeneratedKeys="true">
    <!--@mbg.generated-->
    insert into project_file (project_id, file_name, `cursor`,
      content, create_time, create_by,
      update_time, update_by)
    values (#{projectId,jdbcType=INTEGER}, #{fileName,jdbcType=VARCHAR}, #{cursor,jdbcType=VARCHAR},
      #{content,jdbcType=LONGVARCHAR}, #{createTime,jdbcType=TIMESTAMP}, #{createBy,jdbcType=VARCHAR},
      #{updateTime,jdbcType=TIMESTAMP}, #{updateBy,jdbcType=VARCHAR})
  </insert>
  <insert id="insertSelective" keyColumn="id" keyProperty="id" parameterType="com.linkai.codeeditor.domain.ProjectFile" useGeneratedKeys="true">
    <!--@mbg.generated-->
    insert into project_file
    <trim prefix="(" suffix=")" suffixOverrides=",">
      <if test="projectId != null">
        project_id,
      </if>
      <if test="fileName != null">
        file_name,
      </if>
      <if test="cursor != null">
        `cursor`,
      </if>
      <if test="content != null">
        content,
      </if>
      <if test="createTime != null">
        create_time,
      </if>
      <if test="createBy != null">
        create_by,
      </if>
      <if test="updateTime != null">
        update_time,
      </if>
      <if test="updateBy != null">
        update_by,
      </if>
    </trim>
    <trim prefix="values (" suffix=")" suffixOverrides=",">
      <if test="projectId != null">
        #{projectId,jdbcType=INTEGER},
      </if>
      <if test="fileName != null">
        #{fileName,jdbcType=VARCHAR},
      </if>
      <if test="cursor != null">
        #{cursor,jdbcType=VARCHAR},
      </if>
      <if test="content != null">
        #{content,jdbcType=LONGVARCHAR},
      </if>
      <if test="createTime != null">
        #{createTime,jdbcType=TIMESTAMP},
      </if>
      <if test="createBy != null">
        #{createBy,jdbcType=VARCHAR},
      </if>
      <if test="updateTime != null">
        #{updateTime,jdbcType=TIMESTAMP},
      </if>
      <if test="updateBy != null">
        #{updateBy,jdbcType=VARCHAR},
      </if>
    </trim>
  </insert>
  <update id="updateByPrimaryKeySelective" parameterType="com.linkai.codeeditor.domain.ProjectFile">
    <!--@mbg.generated-->
    update project_file
    <set>
      <if test="projectId != null">
        project_id = #{projectId,jdbcType=INTEGER},
      </if>
      <if test="fileName != null">
        file_name = #{fileName,jdbcType=VARCHAR},
      </if>
      <if test="cursor != null">
        `cursor` = #{cursor,jdbcType=VARCHAR},
      </if>
      <if test="content != null">
        content = #{content,jdbcType=LONGVARCHAR},
      </if>
      <if test="createTime != null">
        create_time = #{createTime,jdbcType=TIMESTAMP},
      </if>
      <if test="createBy != null">
        create_by = #{createBy,jdbcType=VARCHAR},
      </if>
      <if test="updateTime != null">
        update_time = #{updateTime,jdbcType=TIMESTAMP},
      </if>
      <if test="updateBy != null">
        update_by = #{updateBy,jdbcType=VARCHAR},
      </if>
    </set>
    where id = #{id,jdbcType=INTEGER}
  </update>
  <update id="updateByPrimaryKey" parameterType="com.linkai.codeeditor.domain.ProjectFile">
    <!--@mbg.generated-->
    update project_file
    set project_id = #{projectId,jdbcType=INTEGER},
      file_name = #{fileName,jdbcType=VARCHAR},
      `cursor` = #{cursor,jdbcType=VARCHAR},
      content = #{content,jdbcType=LONGVARCHAR},
      create_time = #{createTime,jdbcType=TIMESTAMP},
      create_by = #{createBy,jdbcType=VARCHAR},
      update_time = #{updateTime,jdbcType=TIMESTAMP},
      update_by = #{updateBy,jdbcType=VARCHAR}
    where id = #{id,jdbcType=INTEGER}
  </update>

  <select id="selectList" resultMap="BaseResultMap">
    select * from project_file where project_id = #{projectId}
    </select>
</mapper>
